strategy_name,mean_monthly_return,monthly_volatility,annual_return,annual_volatility,sharpe_ratio,information_ratio,max_drawdown,calmar_ratio,win_rate,skewness,kurtosis,var_5,cvar_5,beta,alpha,annual_alpha,tracking_error,total_months
EPS Long-Short Strategy,0.0005266298298709526,0.016709173867531457,0.006319557958451431,0.05788227618213328,-0.037669258568754894,-0.6519572667732454,-0.2066888740052852,0.03057522079437055,0.4880952380952381,0.21348215338638427,0.8163836338519026,-0.0253452195174,-0.03310488761885334,-0.05916496759199422,0.0010946269013062905,0.013135522815675486,0.1670096521297508,168
EPS Long-Only Strategy,0.011009045109418572,0.043467548950151945,0.13210854131302285,0.15057600652430075,0.8194309699509004,0.3751241058462094,-0.23159838871127159,0.5704208135822549,0.625,-0.11523054076742412,1.2411221764666895,-0.0589171796555,-0.08615855542622222,0.9758238583801844,0.0016409153469055977,0.019690984162867173,0.04506729043491409,168
EPS Short-Only Strategy,0.01048241527954762,0.04842453634303958,0.12578898335457145,0.1677475145582203,0.6972126220280128,0.1510134035294557,-0.31613010682624715,0.39790257440968174,0.6607142857142857,-0.40902936266054973,2.3430709907411305,-0.06713612711019999,-0.09966185852111112,1.034988825972179,0.0005462884455993047,0.006555461347191656,0.07010151960976267,168
Market Benchmark,0.00960022619047619,0.04277746047207045,0.11520271428571428,0.1481854699127907,0.7197267129492162,0.0,-0.24769650831828313,0.4650962384083428,0.6547619047619048,-0.3353794554254236,0.4890993842693181,-0.06813425000000001,-0.08771333333333334,1.0059880239520957,-5.7486384374107885e-05,-0.0006898366124892946,0.0,168
